x0,x1,x2,x3,x4,x5,y
0.2,0.6,10.0,1000.0,5.0,1.0446,0.0016898
0.6,0.8,4.0,1000.0,7.5,1.3772,0.014332
0.6,0.8,4.0,1000.0,7.5,0.91723,0.0028664
0.6,0.8,4.0,1000.0,7.5,0.98148,0.0035829
0.6,0.8,4.0,1000.0,7.5,1.0138,0.0042995
0.2,0.6,10.0,1000.0,5.0,1.0568,0.0018588
0.6,0.8,4.0,1000.0,7.5,1.0909,0.0057327
0.6,0.8,4.0,1000.0,7.5,1.1274,0.0064493
0.6,0.8,4.0,1000.0,7.5,1.0515,0.0050161
0.6,0.8,4.0,1000.0,7.5,0.79042,0.0021498
0.8,0.2,4.0,100.0,40.0,0.80824,0.12312
0.2,0.8,3.0,1000.0,5.0,0.31066,0.00021725
0.2,0.8,3.0,1000.0,5.0,1.4038,0.0021725
0.2,0.8,3.0,1000.0,5.0,1.45,0.0023897
0.2,0.8,3.0,1000.0,5.0,1.4914,0.002607
0.2,0.8,3.0,1000.0,5.0,1.533,0.0028242
0.2,0.8,3.0,1000.0,5.0,1.5734,0.0030415
0.2,0.8,3.0,1000.0,5.0,1.6089,0.0032587
0.2,0.8,3.0,1000.0,5.0,1.6441,0.003476
0.2,0.8,3.0,1000.0,5.0,1.6789,0.0036932
0.2,0.8,3.0,1000.0,5.0,1.7117,0.0039105
0.2,0.8,3.0,1000.0,5.0,1.7425,0.0041277
0.2,0.8,3.0,1000.0,5.0,0.61569,0.0004345
0.2,0.8,3.0,1000.0,5.0,1.7733,0.004345
0.2,0.8,3.0,1000.0,5.0,0.89749,0.00065174
0.2,0.8,3.0,1000.0,5.0,1.0217,0.00086899
0.2,0.8,3.0,1000.0,5.0,1.0987,0.0010862
0.2,0.8,3.0,1000.0,5.0,1.1744,0.0013035
0.2,0.8,3.0,1000.0,5.0,1.2434,0.0015207
0.2,0.8,3.0,1000.0,5.0,1.299,0.001738
0.2,0.8,3.0,1000.0,5.0,1.3519,0.0019552
0.6,1.0,20.0,1000.0,6.0,0.76113,0.0017679
0.6,1.0,20.0,1000.0,6.0,0.60113,0.0013259
0.6,1.0,20.0,1000.0,6.0,0.91731,0.0026518
0.6,1.0,20.0,1000.0,6.0,0.93773,0.0030937
0.6,1.0,20.0,1000.0,6.0,0.94611,0.0035357
0.6,1.0,20.0,1000.0,6.0,0.95255,0.0039777
0.6,1.0,20.0,1000.0,6.0,0.41085,0.00088393
0.2,0.8,4.0,1000.0,5.0,0.27988,0.00019564
0.2,0.8,4.0,1000.0,5.0,1.2434,0.0019564
0.2,0.8,4.0,1000.0,5.0,1.2754,0.002152
0.2,0.8,4.0,1000.0,5.0,1.3062,0.0023476
0.2,0.8,4.0,1000.0,5.0,1.3312,0.0025433
0.2,0.8,4.0,1000.0,5.0,1.356,0.0027389
0.2,0.8,4.0,1000.0,5.0,1.3806,0.0029345
0.2,0.8,4.0,1000.0,5.0,1.4045,0.0031302
0.2,0.8,4.0,1000.0,5.0,1.4251,0.0033258
0.2,0.8,4.0,1000.0,5.0,1.4456,0.0035214
0.2,0.8,4.0,1000.0,5.0,1.4658,0.0037171
0.2,0.8,4.0,1000.0,5.0,0.55516,0.00039127
0.2,0.8,4.0,1000.0,5.0,1.4857,0.0039127
0.2,0.8,4.0,1000.0,5.0,0.81802,0.00058691
0.2,0.8,4.0,1000.0,5.0,0.98805,0.00078254
0.2,0.8,4.0,1000.0,5.0,1.0366,0.00097818
0.2,0.8,4.0,1000.0,5.0,1.0847,0.0011738
0.2,0.8,4.0,1000.0,5.0,1.1329,0.0013694
0.2,0.8,4.0,1000.0,5.0,1.1783,0.0015651
0.2,0.8,4.0,1000.0,5.0,1.211,0.0017607
0.2,0.4,4.0,1000.0,5.0,1.2784,0.0029405
0.4,0.8,10.0,1000.0,5.0,0.9347,0.00166
0.6,1.0,10.0,1000.0,6.0,0.19904,0.00042344
0.6,1.0,10.0,1000.0,6.0,0.97832,0.0042344
0.6,1.0,10.0,1000.0,6.0,0.98581,0.0046579
0.6,0.8,4.0,1000.0,7.5,1.3024,0.011465
0.6,1.0,10.0,1000.0,6.0,0.99903,0.0055048
0.6,1.0,10.0,1000.0,6.0,1.0049,0.0059282
0.6,1.0,10.0,1000.0,6.0,1.0106,0.0063516
0.6,1.0,10.0,1000.0,6.0,1.0164,0.0067751
0.6,1.0,10.0,1000.0,6.0,1.0222,0.0071985
0.6,1.0,10.0,1000.0,6.0,1.028,0.007622
0.6,1.0,10.0,1000.0,6.0,1.0336,0.0080454
0.2,0.4,20.0,1000.0,5.0,0.98673,0.0011772
0.6,1.0,10.0,1000.0,6.0,1.039,0.0084689
0.6,1.0,10.0,1000.0,6.0,0.58017,0.0012703
0.6,1.0,10.0,1000.0,6.0,0.74182,0.0016938
0.6,1.0,10.0,1000.0,6.0,0.85885,0.0021172
0.4,0.6,20.0,1000.0,6.667,0.18242,0.00031946
0.4,0.6,20.0,1000.0,6.667,0.97712,0.0031946
0.4,0.6,20.0,1000.0,6.667,0.98126,0.003514
0.4,0.6,20.0,1000.0,6.667,0.98515,0.0038335
0.4,0.6,20.0,1000.0,6.667,0.98849,0.0041529
0.4,0.6,20.0,1000.0,6.667,0.9916,0.0044724
0.4,0.6,20.0,1000.0,6.667,0.99448,0.0047919
0.4,0.6,20.0,1000.0,6.667,0.99707,0.0051113
0.2,0.8,6.0,1000.0,5.0,0.26372,0.00018431
0.2,0.8,6.0,1000.0,5.0,1.1358,0.0018431
0.2,0.8,6.0,1000.0,5.0,1.1542,0.0020274
0.2,0.8,6.0,1000.0,5.0,1.1722,0.0022117
0.2,0.8,6.0,1000.0,5.0,1.1896,0.002396
0.2,0.8,6.0,1000.0,5.0,1.2042,0.0025803
0.2,0.8,6.0,1000.0,5.0,1.2179,0.0027646
0.2,0.8,6.0,1000.0,5.0,1.2314,0.002949
0.2,0.8,6.0,1000.0,5.0,1.2447,0.0031333
0.2,0.8,6.0,1000.0,5.0,1.2573,0.0033176
0.2,0.8,6.0,1000.0,5.0,1.2681,0.0035019
0.2,0.8,6.0,1000.0,5.0,0.52307,0.00036862
0.2,0.8,6.0,1000.0,5.0,1.2791,0.0036862
0.2,0.8,6.0,1000.0,5.0,0.7706,0.00055293
0.2,0.8,6.0,1000.0,5.0,0.92946,0.00073724
0.2,0.8,6.0,1000.0,5.0,1.0082,0.00092155
0.2,0.8,6.0,1000.0,5.0,1.0358,0.0011059
0.2,0.8,6.0,1000.0,5.0,1.0643,0.0012902
0.2,0.8,6.0,1000.0,5.0,1.0926,0.0014745
0.2,0.8,6.0,1000.0,5.0,1.1169,0.0016588
0.2,0.4,20.0,1000.0,5.0,0.99027,0.0012842
0.2,0.4,20.0,1000.0,5.0,0.99381,0.0013912
0.2,1.0,6.0,1000.0,5.0,0.5472,0.00034255
0.2,0.4,20.0,1000.0,5.0,0.9968,0.0014982
0.4,0.8,20.0,1000.0,5.0,1.0016,0.0045517
0.2,1.0,6.0,1000.0,5.0,0.80108,0.00051382
0.4,0.8,20.0,1000.0,5.0,1.0041,0.0048194
0.2,1.0,6.0,1000.0,5.0,0.95471,0.00068509
0.4,0.8,20.0,1000.0,5.0,1.0066,0.0050872
0.2,1.0,6.0,1000.0,5.0,1.0156,0.00085636
0.4,0.8,20.0,1000.0,5.0,0.35538,0.00053549
0.2,1.0,6.0,1000.0,5.0,1.0444,0.0010276
0.4,0.8,20.0,1000.0,5.0,1.0089,0.0053549
0.2,0.4,20.0,1000.0,5.0,0.99905,0.0016052
0.2,1.0,6.0,1000.0,5.0,1.0737,0.0011989
0.4,0.8,20.0,1000.0,5.0,0.5273,0.00080324
0.6,1.0,20.0,1000.0,6.0,0.20768,0.00044196
0.4,0.8,20.0,1000.0,5.0,0.68946,0.001071
0.6,1.0,20.0,1000.0,6.0,0.96304,0.0048616
0.6,1.0,20.0,1000.0,6.0,0.96741,0.0053036
0.6,1.0,20.0,1000.0,6.0,0.97125,0.0057455
0.6,1.0,20.0,1000.0,6.0,0.97474,0.0061875
0.4,0.8,20.0,1000.0,5.0,0.82919,0.0013387
0.6,1.0,20.0,1000.0,6.0,0.98076,0.0070714
0.6,1.0,20.0,1000.0,6.0,0.98337,0.0075134
0.6,1.0,20.0,1000.0,6.0,0.98583,0.0079553
0.6,1.0,20.0,1000.0,6.0,0.98815,0.0083973
0.4,0.8,20.0,1000.0,5.0,0.9198,0.0016065
0.6,1.0,20.0,1000.0,6.0,0.99036,0.0088393
0.6,1.0,20.0,1000.0,6.0,0.97792,0.0066294
0.2,0.6,6.0,1000.0,5.0,0.25152,0.00020013
0.6,1.0,20.0,1000.0,6.0,0.86908,0.0022098
0.4,0.6,3.0,1000.0,6.667,0.25937,0.00045466
0.4,0.6,3.0,1000.0,6.667,1.265,0.0045466
0.4,0.6,3.0,1000.0,6.667,1.3053,0.0050013
0.2,0.6,6.0,1000.0,5.0,1.1247,0.0020013
0.4,0.6,3.0,1000.0,6.667,1.3854,0.0059106
0.4,0.6,3.0,1000.0,6.667,1.4214,0.0063652
0.4,0.6,3.0,1000.0,6.667,1.4524,0.0068199
0.4,0.6,3.0,1000.0,6.667,1.4841,0.0072746
0.2,0.6,6.0,1000.0,5.0,1.1423,0.0022014
0.4,0.6,3.0,1000.0,6.667,1.5463,0.0081839
0.4,0.6,3.0,1000.0,6.667,1.5744,0.0086385
0.4,0.6,3.0,1000.0,6.667,1.5157,0.0077292
0.4,0.6,3.0,1000.0,6.667,1.6005,0.0090932
0.4,0.6,3.0,1000.0,6.667,0.75255,0.001364
0.4,0.6,3.0,1000.0,6.667,0.92663,0.0018186
0.4,0.6,3.0,1000.0,6.667,1.0002,0.0022733
0.4,0.6,3.0,1000.0,6.667,1.0545,0.002728
0.4,0.6,3.0,1000.0,6.667,1.1139,0.0031826
0.4,0.6,3.0,1000.0,6.667,1.1719,0.0036373
0.4,0.6,3.0,1000.0,6.667,1.224,0.0040919
0.4,0.6,3.0,1000.0,6.667,0.51402,0.00090932
0.2,1.0,10.0,1000.0,5.0,1.0713,0.0015931
0.2,1.0,10.0,1000.0,5.0,1.0654,0.0015134
0.2,1.0,10.0,1000.0,5.0,1.059,0.0014338
0.2,1.0,10.0,1000.0,5.0,1.0516,0.0013541
0.2,1.0,10.0,1000.0,5.0,0.85526,0.00055757
0.2,1.0,10.0,1000.0,5.0,0.93943,0.00063722
0.2,1.0,10.0,1000.0,5.0,0.96268,0.00071688
0.2,1.0,10.0,1000.0,5.0,0.74877,0.00047792
0.2,1.0,10.0,1000.0,5.0,0.63163,0.00039826
0.2,1.0,10.0,1000.0,5.0,0.38444,0.00023896
0.2,1.0,10.0,1000.0,5.0,0.50963,0.00031861
0.2,1.0,20.0,1000.0,5.0,0.12994,8.0381e-05
0.2,1.0,20.0,1000.0,5.0,0.99721,0.00080381
0.6,1.0,3.0,1000.0,6.0,0.28,0.00059632
0.6,1.0,3.0,1000.0,6.0,1.2631,0.0059632
0.6,1.0,3.0,1000.0,6.0,1.3028,0.0065596
0.6,1.0,3.0,1000.0,6.0,1.3432,0.0071559
0.6,1.0,3.0,1000.0,6.0,1.3815,0.0077522
0.6,1.0,3.0,1000.0,6.0,1.4163,0.0083485
0.6,1.0,3.0,1000.0,6.0,1.4476,0.0089449
0.6,1.0,3.0,1000.0,6.0,1.4787,0.0095412
0.6,1.0,3.0,1000.0,6.0,1.5099,0.010138
0.6,1.0,3.0,1000.0,6.0,1.5398,0.010734
0.6,1.0,3.0,1000.0,6.0,1.5674,0.01133
0.6,1.0,3.0,1000.0,6.0,0.55222,0.0011926
0.6,1.0,3.0,1000.0,6.0,1.5936,0.011926
0.6,1.0,3.0,1000.0,6.0,0.79083,0.001789
0.6,1.0,3.0,1000.0,6.0,0.94323,0.0023853
0.6,1.0,3.0,1000.0,6.0,1.0009,0.0029816
0.6,1.0,3.0,1000.0,6.0,1.0561,0.0035779
0.6,1.0,3.0,1000.0,6.0,1.116,0.0041743
0.6,1.0,3.0,1000.0,6.0,1.1728,0.0047706
0.6,1.0,3.0,1000.0,6.0,1.2223,0.0053669
0.4,0.6,4.0,1000.0,6.667,1.2635,0.006173
0.4,0.6,4.0,1000.0,6.667,1.2887,0.0066479
0.4,0.6,4.0,1000.0,6.667,1.3104,0.0071227
0.4,0.6,4.0,1000.0,6.667,1.3308,0.0075976
0.4,0.6,4.0,1000.0,6.667,1.3519,0.0080724
0.4,0.6,4.0,1000.0,6.667,1.3724,0.0085473
0.4,0.6,4.0,1000.0,6.667,1.3917,0.0090221
0.4,0.6,4.0,1000.0,6.667,1.2363,0.0056982
0.4,0.6,4.0,1000.0,6.667,1.4093,0.009497
0.4,0.6,4.0,1000.0,6.667,0.77868,0.0014245
0.4,0.6,4.0,1000.0,6.667,0.93799,0.0018994
0.4,0.6,4.0,1000.0,6.667,0.98598,0.0023742
0.4,0.6,4.0,1000.0,6.667,1.0289,0.0028491
0.4,0.6,4.0,1000.0,6.667,1.0712,0.0033239
0.4,0.6,4.0,1000.0,6.667,1.1133,0.0037988
0.4,0.6,4.0,1000.0,6.667,1.1513,0.0042736
0.4,0.6,4.0,1000.0,6.667,0.53546,0.0009497
0.2,1.0,20.0,1000.0,5.0,1.0315,0.0016076
0.2,1.0,20.0,1000.0,5.0,1.0282,0.0015272
0.2,1.0,20.0,1000.0,5.0,1.0248,0.0014469
0.2,1.0,20.0,1000.0,5.0,1.0212,0.0013665
0.2,1.0,20.0,1000.0,5.0,1.0029,0.00096457
0.2,1.0,20.0,1000.0,5.0,0.99986,0.00088419
0.2,1.0,20.0,1000.0,5.0,0.98419,0.00072343
0.2,1.0,20.0,1000.0,5.0,1.0066,0.0010449
0.2,1.0,20.0,1000.0,5.0,0.95016,0.00064305
0.2,1.0,20.0,1000.0,5.0,0.86366,0.00056266
0.2,1.0,20.0,1000.0,5.0,0.75398,0.00048228
0.4,0.6,4.0,1000.0,6.667,0.27078,0.00047485
0.2,1.0,20.0,1000.0,5.0,1.0103,0.0011253
0.4,1.0,20.0,1000.0,5.0,0.8063,0.001122
0.4,0.6,4.0,1000.0,6.667,1.1819,0.0047485
0.2,1.0,20.0,1000.0,5.0,1.0139,0.0012057
0.4,0.6,4.0,1000.0,6.667,1.2082,0.0052233
0.2,1.0,20.0,1000.0,5.0,1.0176,0.0012861
0.4,1.0,20.0,1000.0,5.0,0.89594,0.0013089
0.2,1.0,20.0,1000.0,5.0,0.2595,0.00016076
0.2,1.0,20.0,1000.0,5.0,0.38776,0.00024114
0.2,1.0,20.0,1000.0,5.0,0.51381,0.00032152
0.2,1.0,20.0,1000.0,5.0,0.63641,0.0004019
0.4,0.8,20.0,1000.0,5.0,0.9566,0.0018742
0.6,1.0,4.0,1000.0,6.0,0.30536,0.00065159
0.6,1.0,4.0,1000.0,6.0,1.1833,0.0065159
0.6,1.0,4.0,1000.0,6.0,1.2103,0.0071675
0.6,1.0,4.0,1000.0,6.0,1.2382,0.0078191
0.6,1.0,4.0,1000.0,6.0,1.2648,0.0084707
0.6,1.0,4.0,1000.0,6.0,1.2888,0.0091223
0.6,1.0,4.0,1000.0,6.0,1.3105,0.0097739
0.6,1.0,4.0,1000.0,6.0,1.3312,0.010426
0.6,1.0,4.0,1000.0,6.0,1.352,0.011077
0.6,1.0,4.0,1000.0,6.0,1.3721,0.011729
0.6,1.0,4.0,1000.0,6.0,1.3908,0.01238
0.6,1.0,4.0,1000.0,6.0,0.59696,0.0013032
0.6,1.0,4.0,1000.0,6.0,1.4085,0.013032
0.6,1.0,4.0,1000.0,6.0,0.83205,0.0019548
0.6,1.0,4.0,1000.0,6.0,0.95087,0.0026064
0.6,1.0,4.0,1000.0,6.0,0.99491,0.003258
0.6,1.0,4.0,1000.0,6.0,1.0336,0.0039096
0.6,1.0,4.0,1000.0,6.0,1.0771,0.0045612
0.6,1.0,4.0,1000.0,6.0,1.1184,0.0052128
0.6,1.0,4.0,1000.0,6.0,1.1538,0.0058644
0.4,0.6,6.0,1000.0,6.667,1.1479,0.0064397
0.4,0.6,6.0,1000.0,6.667,1.1636,0.006935
0.4,0.6,6.0,1000.0,6.667,1.1779,0.0074304
0.4,0.6,6.0,1000.0,6.667,1.1906,0.0079258
0.2,1.0,3.0,1000.0,5.0,0.33293,0.00020647
0.2,1.0,3.0,1000.0,5.0,1.436,0.0020647
0.2,1.0,3.0,1000.0,5.0,1.4798,0.0022712
0.2,1.0,3.0,1000.0,5.0,1.5239,0.0024776
0.2,1.0,3.0,1000.0,5.0,1.5669,0.0026841
0.2,1.0,3.0,1000.0,5.0,1.6055,0.0028906
0.2,1.0,3.0,1000.0,5.0,1.6427,0.003097
0.2,1.0,3.0,1000.0,5.0,1.6795,0.0033035
0.2,1.0,3.0,1000.0,5.0,1.7141,0.00351
0.2,1.0,3.0,1000.0,5.0,1.7465,0.0037164
0.2,1.0,3.0,1000.0,5.0,1.7789,0.0039229
0.2,1.0,3.0,1000.0,5.0,0.65759,0.00041294
0.2,1.0,3.0,1000.0,5.0,1.8106,0.0041294
0.2,1.0,3.0,1000.0,5.0,0.93462,0.00061941
0.2,1.0,3.0,1000.0,5.0,1.0456,0.00082587
0.2,1.0,3.0,1000.0,5.0,1.1249,0.0010323
0.2,1.0,3.0,1000.0,5.0,1.2046,0.0012388
0.2,1.0,3.0,1000.0,5.0,1.2718,0.0014453
0.2,1.0,3.0,1000.0,5.0,1.3271,0.0016517
0.2,1.0,3.0,1000.0,5.0,1.3828,0.0018582
0.2,0.4,10.0,1000.0,5.0,1.0703,0.0025927
0.2,0.4,10.0,1000.0,5.0,1.0651,0.0024631
0.2,0.4,10.0,1000.0,5.0,1.059,0.0023334
0.2,0.4,10.0,1000.0,5.0,1.0517,0.0022038
0.2,0.4,10.0,1000.0,5.0,1.0438,0.0020742
0.2,0.4,10.0,1000.0,5.0,0.91021,0.00090744
0.2,0.4,10.0,1000.0,5.0,0.95551,0.0010371
0.2,0.4,10.0,1000.0,5.0,0.9709,0.0011667
0.2,0.4,10.0,1000.0,5.0,0.81657,0.00077781
0.2,0.4,10.0,1000.0,5.0,0.69112,0.00064817
0.2,0.4,10.0,1000.0,5.0,0.55865,0.00051854
0.6,1.0,6.0,1000.0,6.0,0.30392,0.00064878
0.6,1.0,6.0,1000.0,6.0,1.0807,0.0064878
0.6,1.0,6.0,1000.0,6.0,1.0982,0.0071366
0.6,1.0,6.0,1000.0,6.0,1.1138,0.0077854
0.6,1.0,6.0,1000.0,6.0,1.1282,0.0084342
0.6,1.0,6.0,1000.0,6.0,1.1422,0.0090829
0.6,1.0,6.0,1000.0,6.0,1.156,0.0097317
0.6,1.0,6.0,1000.0,6.0,1.1688,0.010381
0.6,1.0,6.0,1000.0,6.0,1.1809,0.011029
0.6,1.0,6.0,1000.0,6.0,1.1922,0.011678
0.6,1.0,6.0,1000.0,6.0,1.2029,0.012327
0.6,1.0,6.0,1000.0,6.0,0.59271,0.0012976
0.6,1.0,6.0,1000.0,6.0,1.2131,0.012976
0.6,1.0,6.0,1000.0,6.0,0.82083,0.0019463
0.6,1.0,6.0,1000.0,6.0,0.92568,0.0025951
0.6,1.0,6.0,1000.0,6.0,0.97332,0.0032439
0.6,1.0,6.0,1000.0,6.0,0.99494,0.0038927
0.6,1.0,6.0,1000.0,6.0,1.0151,0.0045415
0.6,1.0,6.0,1000.0,6.0,1.0373,0.0051903
0.6,1.0,6.0,1000.0,6.0,1.0603,0.005839
0.4,0.8,10.0,1000.0,5.0,1.0038,0.0030828
0.4,0.8,10.0,1000.0,5.0,1.0097,0.0033199
0.4,0.8,10.0,1000.0,5.0,1.0168,0.0035571
0.4,0.8,10.0,1000.0,5.0,1.0245,0.0037942
0.2,1.0,4.0,1000.0,5.0,0.29955,0.00018566
0.2,1.0,4.0,1000.0,5.0,1.2642,0.0018566
0.2,1.0,4.0,1000.0,5.0,1.2974,0.0020423
0.2,1.0,4.0,1000.0,5.0,1.3257,0.002228
0.2,1.0,4.0,1000.0,5.0,1.352,0.0024136
0.2,1.0,4.0,1000.0,5.0,1.3781,0.0025993
0.2,1.0,4.0,1000.0,5.0,1.4033,0.0027849
0.2,1.0,4.0,1000.0,5.0,1.4256,0.0029706
0.2,1.0,4.0,1000.0,5.0,1.4472,0.0031563
0.2,1.0,4.0,1000.0,5.0,1.4686,0.0033419
0.2,1.0,4.0,1000.0,5.0,1.4891,0.0035276
0.2,1.0,4.0,1000.0,5.0,0.59257,0.00037133
0.2,1.0,4.0,1000.0,5.0,1.508,0.0037133
0.2,1.0,4.0,1000.0,5.0,0.86622,0.00055699
0.2,1.0,4.0,1000.0,5.0,1.0012,0.00074265
0.2,1.0,4.0,1000.0,5.0,1.0535,0.00092831
0.2,1.0,4.0,1000.0,5.0,1.1044,0.001114
0.2,1.0,4.0,1000.0,5.0,1.1546,0.0012996
0.2,1.0,4.0,1000.0,5.0,1.1957,0.0014853
0.2,1.0,4.0,1000.0,5.0,1.2301,0.001671
0.4,0.8,10.0,1000.0,5.0,0.97619,0.0021342
0.2,0.6,20.0,1000.0,5.0,0.97662,0.00089397
0.2,0.4,20.0,1000.0,5.0,1.0134,0.0021403
0.2,0.4,20.0,1000.0,5.0,1.0102,0.0020333
0.2,0.8,10.0,1000.0,5.0,0.95478,0.0008094
0.2,0.4,20.0,1000.0,5.0,1.0069,0.0019263
0.2,0.4,20.0,1000.0,5.0,0.23405,0.00021403
0.2,0.4,20.0,1000.0,5.0,0.9424,0.00096314
0.2,0.4,20.0,1000.0,5.0,0.87753,0.00085612
0.2,0.4,20.0,1000.0,5.0,0.78773,0.00074911
0.2,0.4,20.0,1000.0,5.0,0.34959,0.00032105
0.2,0.4,20.0,1000.0,5.0,0.6836,0.00064209
0.2,0.4,20.0,1000.0,5.0,0.57507,0.00053508
0.4,0.6,20.0,1000.0,6.667,0.53679,0.00095837
0.2,0.8,10.0,1000.0,5.0,0.97995,0.00089034
0.2,0.8,10.0,1000.0,5.0,1.0031,0.00097128
0.8,0.2,10.0,100.0,40.0,0.078424,0.0092634
0.8,0.2,10.0,100.0,40.0,0.63978,0.092634
0.8,0.2,10.0,100.0,40.0,0.68212,0.1019
0.8,0.2,10.0,100.0,40.0,0.72093,0.11116
0.8,0.2,10.0,100.0,40.0,0.75628,0.12042
0.8,0.2,10.0,100.0,40.0,0.78852,0.12969
0.8,0.2,10.0,100.0,40.0,0.81613,0.13895
0.8,0.2,10.0,100.0,40.0,0.8402,0.14821
0.8,0.2,10.0,100.0,40.0,0.86149,0.15748
0.8,0.2,10.0,100.0,40.0,0.87827,0.16674
0.8,0.2,10.0,100.0,40.0,0.89216,0.176
0.8,0.2,10.0,100.0,40.0,0.15564,0.018527
0.8,0.2,10.0,100.0,40.0,0.90606,0.18527
0.8,0.2,10.0,100.0,40.0,0.23052,0.02779
0.8,0.2,10.0,100.0,40.0,0.30163,0.037053
0.8,0.2,10.0,100.0,40.0,0.36864,0.046317
0.8,0.2,10.0,100.0,40.0,0.431,0.05558
0.8,0.2,10.0,100.0,40.0,0.48926,0.064844
0.8,0.2,10.0,100.0,40.0,0.54348,0.074107
0.8,0.2,10.0,100.0,40.0,0.59358,0.08337
0.4,0.8,10.0,1000.0,5.0,0.86909,0.0014228
0.4,0.8,20.0,1000.0,5.0,0.17867,0.00026775
0.4,0.8,20.0,1000.0,5.0,0.97865,0.0026775
0.4,0.8,20.0,1000.0,5.0,0.98288,0.0029452
0.4,0.8,20.0,1000.0,5.0,0.9868,0.003213
0.4,0.8,20.0,1000.0,5.0,0.9903,0.0034807
0.4,0.8,20.0,1000.0,5.0,0.99342,0.0037485
0.4,0.8,20.0,1000.0,5.0,0.99636,0.0040162
0.4,0.8,20.0,1000.0,5.0,0.9991,0.004284
0.2,1.0,6.0,1000.0,5.0,0.27642,0.00017127
0.2,1.0,6.0,1000.0,5.0,1.1442,0.0017127
0.2,1.0,6.0,1000.0,5.0,1.163,0.001884
0.2,1.0,6.0,1000.0,5.0,1.1815,0.0020553
0.2,1.0,6.0,1000.0,5.0,1.1983,0.0022265
0.2,1.0,6.0,1000.0,5.0,1.2126,0.0023978
0.2,1.0,6.0,1000.0,5.0,1.2267,0.0025691
0.2,1.0,6.0,1000.0,5.0,1.2407,0.0027404
0.2,1.0,6.0,1000.0,5.0,1.254,0.0029116
0.2,1.0,6.0,1000.0,5.0,1.2658,0.0030829
0.2,1.0,6.0,1000.0,5.0,1.2771,0.0032542
0.2,0.4,3.0,1000.0,5.0,0.26613,0.00024338
0.2,1.0,6.0,1000.0,5.0,1.2884,0.0034255
0.2,0.4,3.0,1000.0,5.0,1.3173,0.0024338
0.2,0.4,3.0,1000.0,5.0,1.3624,0.0026771
0.2,0.4,3.0,1000.0,5.0,1.4061,0.0029205
0.2,0.4,3.0,1000.0,5.0,1.4449,0.0031639
0.2,0.4,3.0,1000.0,5.0,1.4804,0.0034073
0.2,1.0,6.0,1000.0,5.0,1.1025,0.0013702
0.2,1.0,6.0,1000.0,5.0,1.1257,0.0015415
0.2,0.4,3.0,1000.0,5.0,1.5163,0.0036506
0.2,0.4,3.0,1000.0,5.0,1.5517,0.003894
0.2,0.4,3.0,1000.0,5.0,1.5842,0.0041374
0.2,0.4,3.0,1000.0,5.0,1.6144,0.0043808
0.2,0.4,3.0,1000.0,5.0,1.6448,0.0046241
0.2,0.4,3.0,1000.0,5.0,0.52817,0.00048675
0.2,0.4,3.0,1000.0,5.0,1.6748,0.0048675
0.2,0.4,3.0,1000.0,5.0,0.78113,0.00073013
0.2,0.4,3.0,1000.0,5.0,0.96069,0.0009735
0.2,0.4,3.0,1000.0,5.0,1.0332,0.0012169
0.2,0.4,3.0,1000.0,5.0,1.0974,0.0014603
0.2,0.4,3.0,1000.0,5.0,1.162,0.0017036
0.2,0.4,3.0,1000.0,5.0,1.2234,0.001947
0.2,0.4,3.0,1000.0,5.0,1.2717,0.0021904
0.4,0.8,10.0,1000.0,5.0,0.95919,0.0018971
0.2,0.4,4.0,1000.0,5.0,0.49089,0.00045238
0.6,0.8,20.0,1000.0,7.5,0.98533,0.0098449
0.2,0.4,20.0,1000.0,5.0,1.0013,0.0017122
0.8,0.2,20.0,100.0,40.0,0.074483,0.0087979
0.8,0.2,20.0,100.0,40.0,0.60818,0.087979
0.8,0.2,20.0,100.0,40.0,0.6488,0.096777
0.8,0.2,20.0,100.0,40.0,0.68621,0.10557
0.8,0.2,20.0,100.0,40.0,0.72072,0.11437
0.8,0.2,20.0,100.0,40.0,0.75227,0.12317
0.8,0.2,20.0,100.0,40.0,0.77961,0.13197
0.8,0.2,20.0,100.0,40.0,0.80468,0.14077
0.8,0.2,20.0,100.0,40.0,0.82611,0.14956
0.8,0.2,20.0,100.0,40.0,0.84483,0.15836
0.8,0.2,20.0,100.0,40.0,0.86003,0.16716
0.8,0.2,20.0,100.0,40.0,0.14784,0.017596
0.8,0.2,20.0,100.0,40.0,0.87522,0.17596
0.8,0.2,20.0,100.0,40.0,0.21896,0.026394
0.8,0.2,20.0,100.0,40.0,0.28667,0.035192
0.8,0.2,20.0,100.0,40.0,0.35034,0.043989
0.8,0.2,20.0,100.0,40.0,0.40978,0.052787
0.8,0.2,20.0,100.0,40.0,0.46501,0.061585
0.8,0.2,20.0,100.0,40.0,0.51648,0.070383
0.8,0.2,20.0,100.0,40.0,0.56412,0.079181
0.2,0.6,20.0,1000.0,5.0,0.11252,8.9397e-05
0.4,0.8,3.0,1000.0,5.0,0.2779,0.000417
0.4,0.8,3.0,1000.0,5.0,1.3016,0.00417
0.4,0.8,3.0,1000.0,5.0,1.3461,0.004587
0.4,0.8,3.0,1000.0,5.0,1.3888,0.005004
0.4,0.8,3.0,1000.0,5.0,1.4266,0.005421
0.4,0.8,3.0,1000.0,5.0,1.4605,0.005838
0.4,0.8,3.0,1000.0,5.0,1.4952,0.006255
0.4,0.8,3.0,1000.0,5.0,1.5293,0.006672
0.4,0.8,3.0,1000.0,5.0,1.5613,0.007089
0.4,0.8,3.0,1000.0,5.0,1.5903,0.007506
0.4,0.8,3.0,1000.0,5.0,1.619,0.007923
0.4,0.8,3.0,1000.0,5.0,0.55024,0.000834
0.4,0.8,3.0,1000.0,5.0,1.6479,0.00834
0.4,0.8,3.0,1000.0,5.0,0.80017,0.001251
0.4,0.8,3.0,1000.0,5.0,0.94686,0.001668
0.4,0.8,3.0,1000.0,5.0,1.0237,0.002085
0.2,0.4,4.0,1000.0,5.0,0.2474,0.00022619
0.2,0.4,4.0,1000.0,5.0,1.194,0.0022619
0.2,0.4,4.0,1000.0,5.0,1.2223,0.0024881
0.2,0.4,4.0,1000.0,5.0,1.2507,0.0027143
0.4,0.8,3.0,1000.0,5.0,1.0871,0.002502
0.4,0.8,3.0,1000.0,5.0,1.1514,0.002919
0.4,0.8,3.0,1000.0,5.0,1.2111,0.003336
0.4,0.8,3.0,1000.0,5.0,1.2586,0.003753
0.2,0.4,4.0,1000.0,5.0,1.3044,0.0031667
0.2,0.4,4.0,1000.0,5.0,1.3258,0.0033929
0.2,0.4,4.0,1000.0,5.0,1.3478,0.0036191
0.2,0.4,4.0,1000.0,5.0,1.3696,0.0038453
0.2,0.4,4.0,1000.0,5.0,1.3908,0.0040715
0.2,0.4,4.0,1000.0,5.0,1.4101,0.0042976
0.2,0.4,4.0,1000.0,5.0,1.4279,0.0045238
0.2,0.4,4.0,1000.0,5.0,0.7259,0.00067858
0.2,0.4,4.0,1000.0,5.0,0.91559,0.00090477
0.2,0.4,4.0,1000.0,5.0,0.99883,0.001131
0.2,0.4,4.0,1000.0,5.0,1.0388,0.0013572
0.2,0.4,4.0,1000.0,5.0,1.0815,0.0015833
0.2,0.4,4.0,1000.0,5.0,1.1237,0.0018095
0.2,0.4,4.0,1000.0,5.0,1.163,0.0020357
0.2,0.6,20.0,1000.0,5.0,0.98379,0.00098337
0.4,0.6,20.0,1000.0,6.667,0.70005,0.0012778
0.2,0.6,20.0,1000.0,5.0,0.99097,0.0010728
0.4,0.6,20.0,1000.0,6.667,0.83448,0.0015973
0.4,1.0,6.0,1000.0,5.0,1.1557,0.004593
0.8,0.2,3.0,100.0,40.0,0.095554,0.011286
0.2,0.6,20.0,1000.0,5.0,0.99768,0.0011622
0.8,0.2,3.0,100.0,40.0,0.8358,0.12414
0.8,0.2,3.0,100.0,40.0,0.87863,0.13543
0.8,0.2,3.0,100.0,40.0,0.91523,0.14671
0.8,0.2,3.0,100.0,40.0,0.94189,0.158
0.8,0.2,3.0,100.0,40.0,0.96446,0.16929
0.8,0.2,3.0,100.0,40.0,0.9802,0.18057
0.8,0.2,3.0,100.0,40.0,0.99558,0.19186
0.8,0.2,3.0,100.0,40.0,1.0087,0.20314
0.8,0.2,3.0,100.0,40.0,1.0222,0.21443
0.8,0.2,3.0,100.0,40.0,0.18973,0.022571
0.8,0.2,3.0,100.0,40.0,1.0363,0.22571
0.8,0.2,3.0,100.0,40.0,0.2812,0.033857
0.8,0.2,3.0,100.0,40.0,0.3681,0.045143
0.8,0.2,3.0,100.0,40.0,0.45074,0.056429
0.8,0.2,3.0,100.0,40.0,0.52848,0.067714
0.8,0.2,3.0,100.0,40.0,0.6009,0.079
0.8,0.2,3.0,100.0,40.0,0.66808,0.090286
0.8,0.2,3.0,100.0,40.0,0.72987,0.10157
0.4,1.0,6.0,1000.0,5.0,0.62549,0.00083509
0.2,0.4,10.0,1000.0,5.0,0.14198,0.00012963
0.2,0.4,10.0,1000.0,5.0,0.9863,0.0012963
0.6,0.8,20.0,1000.0,7.5,0.98056,0.0088086
0.2,0.4,10.0,1000.0,5.0,1.0017,0.001426
0.6,0.8,20.0,1000.0,7.5,0.98302,0.0093267
0.4,0.8,4.0,1000.0,5.0,0.29026,0.00043574
0.4,0.8,4.0,1000.0,5.0,1.208,0.0043574
0.4,0.8,4.0,1000.0,5.0,1.2387,0.0047932
0.4,0.8,4.0,1000.0,5.0,1.2685,0.0052289
0.4,0.8,4.0,1000.0,5.0,1.2951,0.0056647
0.4,0.8,4.0,1000.0,5.0,1.3182,0.0061004
0.4,0.8,4.0,1000.0,5.0,1.3409,0.0065362
0.4,0.8,4.0,1000.0,5.0,1.3639,0.0069719
0.4,0.8,4.0,1000.0,5.0,1.3856,0.0074077
0.4,0.8,4.0,1000.0,5.0,1.4054,0.0078434
0.4,0.8,4.0,1000.0,5.0,1.4239,0.0082791
0.4,0.8,4.0,1000.0,5.0,0.57327,0.00087149
0.4,0.8,4.0,1000.0,5.0,1.4427,0.0087149
0.4,0.8,4.0,1000.0,5.0,0.8246,0.0013072
0.4,0.8,4.0,1000.0,5.0,0.9457,0.001743
0.4,0.8,4.0,1000.0,5.0,1.0112,0.0021787
0.4,0.8,4.0,1000.0,5.0,1.0537,0.0026145
0.4,0.8,4.0,1000.0,5.0,1.1006,0.0030502
0.4,0.8,4.0,1000.0,5.0,1.144,0.003486
0.4,0.8,4.0,1000.0,5.0,1.1786,0.0039217
0.2,0.4,6.0,1000.0,5.0,1.1604,0.002898
0.2,0.4,6.0,1000.0,5.0,1.1764,0.0031209
0.2,0.4,6.0,1000.0,5.0,1.191,0.0033438
0.2,0.4,6.0,1000.0,5.0,1.2034,0.0035668
0.2,0.4,6.0,1000.0,5.0,1.2157,0.0037897
0.2,0.4,6.0,1000.0,5.0,1.228,0.0040126
0.2,0.4,6.0,1000.0,5.0,1.2399,0.0042355
0.2,0.4,6.0,1000.0,5.0,1.1439,0.0026751
0.2,0.4,6.0,1000.0,5.0,1.2513,0.0044585
0.2,0.4,6.0,1000.0,5.0,0.7135,0.00066877
0.2,0.4,6.0,1000.0,5.0,0.908,0.00089169
0.2,0.4,6.0,1000.0,5.0,0.96709,0.0011146
0.2,0.4,6.0,1000.0,5.0,1.0116,0.0013375
0.2,0.4,6.0,1000.0,5.0,1.037,0.0015605
0.2,0.4,6.0,1000.0,5.0,1.0631,0.0017834
0.2,0.4,6.0,1000.0,5.0,1.0883,0.0020063
0.2,0.4,6.0,1000.0,5.0,0.48326,0.00044585
0.4,0.6,6.0,1000.0,6.667,0.28207,0.00049536
0.4,0.6,20.0,1000.0,6.667,0.97196,0.0028751
0.6,0.8,20.0,1000.0,7.5,0.9326,0.0036271
0.4,0.6,6.0,1000.0,6.667,1.0999,0.0049536
0.6,0.8,20.0,1000.0,7.5,0.91205,0.0031089
0.2,0.4,10.0,1000.0,5.0,0.28307,0.00025927
0.6,0.8,20.0,1000.0,7.5,0.94314,0.0041452
0.4,0.6,6.0,1000.0,6.667,1.1166,0.005449
0.6,0.8,20.0,1000.0,7.5,0.94987,0.0046634
0.4,0.6,6.0,1000.0,6.667,1.1318,0.0059443
0.2,0.4,10.0,1000.0,5.0,0.42221,0.0003889
0.4,0.6,6.0,1000.0,6.667,1.2022,0.0084211
0.6,1.0,10.0,1000.0,6.0,0.39459,0.00084689
0.4,0.6,6.0,1000.0,6.667,1.2137,0.0089165
0.8,0.2,4.0,100.0,40.0,0.094758,0.011193
0.8,0.2,4.0,100.0,40.0,0.7612,0.11193
0.4,0.6,6.0,1000.0,6.667,1.2253,0.0094119
0.8,0.2,4.0,100.0,40.0,0.84945,0.13432
0.8,0.2,4.0,100.0,40.0,0.88484,0.14551
0.8,0.2,4.0,100.0,40.0,0.91115,0.1567
0.8,0.2,4.0,100.0,40.0,0.93562,0.1679
0.4,0.6,6.0,1000.0,6.667,0.55574,0.00099072
0.8,0.2,4.0,100.0,40.0,0.96272,0.19028
0.8,0.2,4.0,100.0,40.0,0.97395,0.20148
0.8,0.2,4.0,100.0,40.0,0.98353,0.21267
0.8,0.2,4.0,100.0,40.0,0.18786,0.022386
0.4,0.6,6.0,1000.0,6.667,1.2364,0.0099072
0.8,0.2,4.0,100.0,40.0,0.9931,0.22386
0.8,0.2,4.0,100.0,40.0,0.94917,0.17909
0.8,0.2,4.0,100.0,40.0,0.27774,0.033579
0.8,0.2,4.0,100.0,40.0,0.36291,0.044773
0.4,0.6,6.0,1000.0,6.667,0.79776,0.0014861
0.8,0.2,4.0,100.0,40.0,0.4427,0.055966
0.8,0.2,4.0,100.0,40.0,0.70847,0.10074
0.8,0.2,4.0,100.0,40.0,0.65032,0.089545
0.8,0.2,4.0,100.0,40.0,0.51762,0.067159
0.4,0.6,6.0,1000.0,6.667,0.93017,0.0019814
0.8,0.2,4.0,100.0,40.0,0.58691,0.078352
0.4,0.6,6.0,1000.0,6.667,0.98287,0.0024768
0.4,0.6,6.0,1000.0,6.667,1.0041,0.0029722
0.4,0.8,6.0,1000.0,5.0,0.30435,0.00045751
0.4,0.8,6.0,1000.0,5.0,1.1193,0.0045751
0.4,0.8,6.0,1000.0,5.0,1.1365,0.0050326
0.4,0.8,6.0,1000.0,5.0,1.1545,0.0054901
0.4,0.8,6.0,1000.0,5.0,1.1714,0.0059476
0.4,0.8,6.0,1000.0,5.0,1.1864,0.0064051
0.4,0.8,6.0,1000.0,5.0,1.1997,0.0068627
0.4,0.8,6.0,1000.0,5.0,1.2126,0.0073202
0.4,0.8,6.0,1000.0,5.0,1.2255,0.0077777
0.4,0.8,6.0,1000.0,5.0,1.2378,0.0082352
0.4,0.8,6.0,1000.0,5.0,1.249,0.0086927
0.4,0.8,6.0,1000.0,5.0,0.59842,0.00091502
0.4,0.8,6.0,1000.0,5.0,1.2596,0.0091502
0.4,0.8,6.0,1000.0,5.0,0.84603,0.0013725
0.4,0.8,6.0,1000.0,5.0,0.96304,0.00183
0.4,0.8,6.0,1000.0,5.0,0.99255,0.0022876
0.4,0.8,6.0,1000.0,5.0,1.0199,0.0027451
0.4,0.8,6.0,1000.0,5.0,1.049,0.0032026
0.4,0.8,6.0,1000.0,5.0,1.0771,0.0036601
0.4,0.8,6.0,1000.0,5.0,1.1005,0.0041176
0.2,0.6,10.0,1000.0,5.0,1.0751,0.0021967
0.2,0.6,10.0,1000.0,5.0,1.083,0.0023657
0.2,0.6,10.0,1000.0,5.0,1.0909,0.0025347
0.2,0.6,10.0,1000.0,5.0,1.0987,0.0027036
0.2,0.6,10.0,1000.0,5.0,1.1063,0.0028726
0.2,0.6,10.0,1000.0,5.0,1.1128,0.0030416
0.2,0.6,10.0,1000.0,5.0,1.1185,0.0032106
0.2,0.6,10.0,1000.0,5.0,1.067,0.0020277
0.2,0.6,10.0,1000.0,5.0,1.1243,0.0033796
0.2,0.6,10.0,1000.0,5.0,0.62737,0.00050693
0.2,0.6,10.0,1000.0,5.0,0.81905,0.00067591
0.2,0.6,10.0,1000.0,5.0,0.92929,0.00084489
0.2,0.6,10.0,1000.0,5.0,0.99662,0.0010139
0.2,0.6,10.0,1000.0,5.0,1.0064,0.0011828
0.2,0.6,10.0,1000.0,5.0,1.0186,0.0013518
0.2,0.6,10.0,1000.0,5.0,1.0318,0.0015208
0.2,0.6,10.0,1000.0,5.0,0.4224,0.00033796
0.4,1.0,20.0,1000.0,5.0,0.14337,0.00018699
0.8,0.2,6.0,100.0,40.0,0.085636,0.010116
0.8,0.2,6.0,100.0,40.0,0.69335,0.10116
0.8,0.2,6.0,100.0,40.0,0.73824,0.11128
0.8,0.2,6.0,100.0,40.0,0.7791,0.12139
0.8,0.2,6.0,100.0,40.0,0.81444,0.13151
0.8,0.2,6.0,100.0,40.0,0.84524,0.14163
0.8,0.2,6.0,100.0,40.0,0.87333,0.15174
0.8,0.2,6.0,100.0,40.0,0.89307,0.16186
0.8,0.2,6.0,100.0,40.0,0.91282,0.17197
0.8,0.2,6.0,100.0,40.0,0.92395,0.18209
0.8,0.2,6.0,100.0,40.0,0.93423,0.19221
0.8,0.2,6.0,100.0,40.0,0.16986,0.020232
0.8,0.2,6.0,100.0,40.0,0.94451,0.20232
0.8,0.2,6.0,100.0,40.0,0.25137,0.030348
0.8,0.2,6.0,100.0,40.0,0.32856,0.040464
0.8,0.2,6.0,100.0,40.0,0.40116,0.05058
0.8,0.2,6.0,100.0,40.0,0.46886,0.060697
0.8,0.2,6.0,100.0,40.0,0.53217,0.070813
0.8,0.2,6.0,100.0,40.0,0.59067,0.080929
0.8,0.2,6.0,100.0,40.0,0.6442,0.091045
0.8,1.0,20.0,1000.0,8.0,0.16346,0.00050747
0.8,1.0,20.0,1000.0,8.0,0.94775,0.0091344
0.8,1.0,20.0,1000.0,8.0,0.95044,0.0096419
0.8,1.0,20.0,1000.0,8.0,0.9449,0.008627
0.8,1.0,20.0,1000.0,8.0,0.953,0.010149
0.8,1.0,20.0,1000.0,8.0,0.94174,0.0081195
0.8,1.0,20.0,1000.0,8.0,0.93829,0.007612
0.8,1.0,20.0,1000.0,8.0,0.32431,0.0010149
0.8,1.0,20.0,1000.0,8.0,0.80985,0.0030448
0.8,1.0,20.0,1000.0,8.0,0.86259,0.0035523
0.8,1.0,20.0,1000.0,8.0,0.89268,0.0040597
0.8,1.0,20.0,1000.0,8.0,0.90812,0.0045672
0.4,1.0,20.0,1000.0,5.0,0.562,0.00074797
0.8,1.0,20.0,1000.0,8.0,0.7279,0.0025373
0.8,1.0,20.0,1000.0,8.0,0.47804,0.0015224
0.8,1.0,20.0,1000.0,8.0,0.6156,0.0020299
0.4,1.0,10.0,1000.0,5.0,0.21456,0.00028013
0.4,1.0,10.0,1000.0,5.0,1.0145,0.0028013
0.4,1.0,10.0,1000.0,5.0,1.0256,0.0030815
0.4,1.0,10.0,1000.0,5.0,1.0365,0.0033616
0.4,1.0,10.0,1000.0,5.0,1.0464,0.0036417
0.4,1.0,10.0,1000.0,5.0,1.0549,0.0039219
0.4,1.0,10.0,1000.0,5.0,1.0621,0.004202
0.4,1.0,10.0,1000.0,5.0,1.0686,0.0044821
0.4,1.0,10.0,1000.0,5.0,1.0747,0.0047623
0.4,1.0,10.0,1000.0,5.0,1.081,0.0050424
0.4,1.0,10.0,1000.0,5.0,1.0874,0.0053225
0.4,1.0,10.0,1000.0,5.0,0.42595,0.00056027
0.4,1.0,10.0,1000.0,5.0,1.0936,0.0056027
0.4,1.0,10.0,1000.0,5.0,0.62792,0.0008404
0.4,1.0,10.0,1000.0,5.0,0.80774,0.0011205
0.4,1.0,10.0,1000.0,5.0,0.93199,0.0014007
0.4,1.0,10.0,1000.0,5.0,0.9643,0.0016808
0.4,1.0,10.0,1000.0,5.0,0.98786,0.0019609
0.4,1.0,10.0,1000.0,5.0,0.99637,0.0022411
0.4,1.0,10.0,1000.0,5.0,1.0048,0.0025212
0.2,0.4,10.0,1000.0,5.0,1.0103,0.0015556
0.4,1.0,20.0,1000.0,5.0,0.96718,0.0016829
0.4,1.0,20.0,1000.0,5.0,0.9446,0.0014959
0.2,0.6,20.0,1000.0,5.0,1.0053,0.0014304
0.2,0.6,20.0,1000.0,5.0,1.0086,0.0015198
0.2,0.6,20.0,1000.0,5.0,1.0119,0.0016092
0.2,0.6,20.0,1000.0,5.0,1.0151,0.0016986
0.2,0.6,20.0,1000.0,5.0,1.0022,0.001341
0.2,0.6,20.0,1000.0,5.0,1.0183,0.0017879
0.2,0.6,20.0,1000.0,5.0,0.99989,0.0012516
0.2,0.6,20.0,1000.0,5.0,0.22478,0.00017879
0.2,0.6,20.0,1000.0,5.0,0.33617,0.00026819
0.2,0.6,20.0,1000.0,5.0,0.44636,0.00035759
0.2,0.6,20.0,1000.0,5.0,0.76387,0.00062578
0.2,0.6,20.0,1000.0,5.0,0.8597,0.00071518
0.2,0.6,20.0,1000.0,5.0,0.93368,0.00080458
0.2,0.6,20.0,1000.0,5.0,0.66105,0.00053638
0.2,0.6,20.0,1000.0,5.0,0.55486,0.00044699
0.2,0.4,10.0,1000.0,5.0,1.0188,0.0016853
0.6,0.8,20.0,1000.0,7.5,0.75532,0.0020726
0.6,0.8,20.0,1000.0,7.5,0.40909,0.0010363
0.4,0.6,20.0,1000.0,6.667,0.96442,0.0025557
0.2,0.4,10.0,1000.0,5.0,1.0273,0.0018149
0.4,0.6,20.0,1000.0,6.667,0.99955,0.0054308
0.6,0.8,20.0,1000.0,7.5,0.98753,0.010363
0.4,0.6,20.0,1000.0,6.667,1.0019,0.0057502
0.4,0.6,20.0,1000.0,6.667,1.0041,0.0060697
0.4,0.6,20.0,1000.0,6.667,0.36241,0.00063891
0.2,0.4,10.0,1000.0,5.0,1.0356,0.0019445
0.4,0.6,20.0,1000.0,6.667,1.0064,0.0063891
0.6,1.0,10.0,1000.0,6.0,0.9927,0.0050813
0.8,1.0,3.0,1000.0,8.0,0.21075,0.00065453
0.8,1.0,3.0,1000.0,8.0,1.1118,0.0065453
0.8,1.0,3.0,1000.0,8.0,1.1512,0.0071998
0.8,1.0,3.0,1000.0,8.0,1.1875,0.0078544
0.8,1.0,3.0,1000.0,8.0,1.2196,0.0085089
0.8,1.0,3.0,1000.0,8.0,1.2484,0.0091634
0.8,1.0,3.0,1000.0,8.0,1.2751,0.0098179
0.8,1.0,3.0,1000.0,8.0,1.3026,0.010472
0.8,1.0,3.0,1000.0,8.0,1.3302,0.011127
0.8,1.0,3.0,1000.0,8.0,1.357,0.011782
0.8,1.0,3.0,1000.0,8.0,1.3823,0.012436
0.8,1.0,3.0,1000.0,8.0,0.41758,0.0013091
0.8,1.0,3.0,1000.0,8.0,1.4059,0.013091
0.8,1.0,3.0,1000.0,8.0,0.61114,0.0019636
0.8,1.0,3.0,1000.0,8.0,0.77548,0.0026181
0.8,1.0,3.0,1000.0,8.0,0.88845,0.0032726
0.8,1.0,3.0,1000.0,8.0,0.95675,0.0039272
0.8,1.0,3.0,1000.0,8.0,0.996,0.0045817
0.8,1.0,3.0,1000.0,8.0,1.0302,0.0052362
0.2,0.4,6.0,1000.0,5.0,0.24384,0.00022292
0.8,1.0,3.0,1000.0,8.0,1.0707,0.0058908
0.8,0.2,3.0,100.0,40.0,0.78599,0.11286
0.4,0.6,20.0,1000.0,6.667,0.9534,0.0022362
0.4,0.6,20.0,1000.0,6.667,0.91725,0.0019167
0.2,0.4,6.0,1000.0,5.0,1.111,0.0022292
0.4,1.0,20.0,1000.0,5.0,0.97541,0.0018699
0.4,1.0,20.0,1000.0,5.0,0.98041,0.0020569
0.4,1.0,20.0,1000.0,5.0,0.98439,0.0022439
0.4,1.0,20.0,1000.0,5.0,0.98779,0.0024309
0.2,0.4,6.0,1000.0,5.0,1.1272,0.0024522
0.4,1.0,20.0,1000.0,5.0,0.99366,0.0028049
0.4,1.0,20.0,1000.0,5.0,0.99627,0.0029919
0.4,1.0,20.0,1000.0,5.0,0.99865,0.0031789
0.4,1.0,20.0,1000.0,5.0,1.0009,0.0033659
0.4,1.0,20.0,1000.0,5.0,1.0032,0.0035529
0.4,1.0,20.0,1000.0,5.0,0.9909,0.0026179
0.4,1.0,20.0,1000.0,5.0,1.0054,0.0037398
0.4,1.0,20.0,1000.0,5.0,0.2859,0.00037398
0.4,1.0,20.0,1000.0,5.0,0.42608,0.00056098
0.4,1.0,20.0,1000.0,5.0,0.6908,0.00093496
0.2,0.6,3.0,1000.0,5.0,0.28938,0.00023036
0.2,0.6,3.0,1000.0,5.0,1.3672,0.0023036
0.2,0.6,3.0,1000.0,5.0,1.4147,0.002534
0.2,0.6,3.0,1000.0,5.0,1.4558,0.0027644
0.2,0.6,3.0,1000.0,5.0,1.495,0.0029947
0.2,0.6,3.0,1000.0,5.0,1.5339,0.0032251
0.2,0.6,3.0,1000.0,5.0,1.5714,0.0034554
0.2,0.6,3.0,1000.0,5.0,1.6051,0.0036858
0.2,0.6,3.0,1000.0,5.0,1.6383,0.0039162
0.2,0.6,3.0,1000.0,5.0,1.6711,0.0041465
0.2,0.6,3.0,1000.0,5.0,1.7023,0.0043769
0.2,0.6,3.0,1000.0,5.0,0.57441,0.00046073
0.2,0.6,3.0,1000.0,5.0,1.7314,0.0046073
0.2,0.6,3.0,1000.0,5.0,0.84664,0.00069109
0.2,0.6,3.0,1000.0,5.0,0.99343,0.00092145
0.2,0.6,3.0,1000.0,5.0,1.0703,0.0011518
0.2,0.6,3.0,1000.0,5.0,1.1412,0.0013822
0.2,0.6,3.0,1000.0,5.0,1.2105,0.0016125
0.2,0.6,3.0,1000.0,5.0,1.2677,0.0018429
0.2,0.6,3.0,1000.0,5.0,1.3177,0.0020733
0.6,0.8,20.0,1000.0,7.5,0.85798,0.0025908
0.6,1.0,10.0,1000.0,6.0,0.91957,0.0025407
0.6,1.0,10.0,1000.0,6.0,0.9459,0.0029641
0.6,1.0,10.0,1000.0,6.0,0.95865,0.0033875
0.6,1.0,10.0,1000.0,6.0,0.96921,0.003811
0.8,1.0,4.0,1000.0,8.0,0.22742,0.00070702
0.8,1.0,4.0,1000.0,8.0,1.0616,0.0070702
0.8,1.0,4.0,1000.0,8.0,1.0896,0.0077772
0.8,1.0,4.0,1000.0,8.0,1.1157,0.0084842
0.8,1.0,4.0,1000.0,8.0,1.139,0.0091912
0.8,1.0,4.0,1000.0,8.0,1.1598,0.0098982
0.8,1.0,4.0,1000.0,8.0,1.179,0.010605
0.8,1.0,4.0,1000.0,8.0,1.1971,0.011312
0.8,1.0,4.0,1000.0,8.0,1.215,0.012019
0.8,1.0,4.0,1000.0,8.0,1.2331,0.012726
0.8,1.0,4.0,1000.0,8.0,1.2505,0.013433
0.8,1.0,4.0,1000.0,8.0,0.44918,0.001414
0.8,1.0,4.0,1000.0,8.0,1.2668,0.01414
0.8,1.0,4.0,1000.0,8.0,0.6499,0.0021211
0.8,1.0,4.0,1000.0,8.0,0.80775,0.0028281
0.8,1.0,4.0,1000.0,8.0,0.90608,0.0035351
0.8,1.0,4.0,1000.0,8.0,0.95292,0.0042421
0.8,1.0,4.0,1000.0,8.0,0.98309,0.0049491
0.8,1.0,4.0,1000.0,8.0,1.0084,0.0056561
0.8,1.0,4.0,1000.0,8.0,1.0334,0.0063632
0.4,1.0,3.0,1000.0,5.0,0.3088,0.00040371
0.4,1.0,3.0,1000.0,5.0,1.3588,0.0040371
0.4,1.0,3.0,1000.0,5.0,1.4055,0.0044408
0.4,1.0,3.0,1000.0,5.0,1.4454,0.0048445
0.4,1.0,3.0,1000.0,5.0,1.484,0.0052483
0.4,1.0,3.0,1000.0,5.0,1.5226,0.005652
0.4,1.0,3.0,1000.0,5.0,1.5592,0.0060557
0.4,1.0,3.0,1000.0,5.0,1.5919,0.0064594
0.4,1.0,3.0,1000.0,5.0,1.6242,0.0068631
0.4,1.0,3.0,1000.0,5.0,1.6564,0.0072668
0.4,1.0,3.0,1000.0,5.0,1.6871,0.0076705
0.4,1.0,3.0,1000.0,5.0,0.60905,0.00080742
0.4,1.0,3.0,1000.0,5.0,1.7153,0.0080742
0.4,1.0,3.0,1000.0,5.0,0.86563,0.0012111
0.4,1.0,3.0,1000.0,5.0,1.0008,0.0016148
0.4,1.0,3.0,1000.0,5.0,1.0656,0.0020186
0.4,1.0,3.0,1000.0,5.0,1.1377,0.0024223
0.4,1.0,3.0,1000.0,5.0,1.2059,0.002826
0.4,1.0,3.0,1000.0,5.0,1.2604,0.0032297
0.4,1.0,3.0,1000.0,5.0,1.3094,0.0036334
0.2,0.6,4.0,1000.0,5.0,1.3077,0.0027057
0.2,0.6,4.0,1000.0,5.0,1.3314,0.0029138
0.2,0.6,4.0,1000.0,5.0,1.3546,0.003122
0.2,0.6,4.0,1000.0,5.0,1.3777,0.0033301
0.2,0.6,4.0,1000.0,5.0,1.4,0.0035382
0.2,0.6,4.0,1000.0,5.0,1.4198,0.0037464
0.2,0.6,4.0,1000.0,5.0,1.4391,0.0039545
0.2,0.6,4.0,1000.0,5.0,1.2505,0.0022894
0.2,0.6,4.0,1000.0,5.0,1.4583,0.0041626
0.2,0.6,4.0,1000.0,5.0,0.76821,0.00062439
0.2,0.6,4.0,1000.0,5.0,0.94101,0.00083252
0.2,0.6,4.0,1000.0,5.0,1.0181,0.0010407
0.2,0.6,4.0,1000.0,5.0,1.0629,0.0012488
0.2,0.6,4.0,1000.0,5.0,1.1085,0.0014569
0.2,0.6,4.0,1000.0,5.0,0.51938,0.00041626
0.2,0.6,4.0,1000.0,5.0,1.1901,0.0018732
0.2,0.6,4.0,1000.0,5.0,1.1529,0.001665
0.8,1.0,20.0,1000.0,8.0,0.92104,0.0055821
0.2,0.8,10.0,1000.0,5.0,0.11601,8.094e-05
0.8,1.0,20.0,1000.0,8.0,0.92601,0.0060896
0.8,1.0,20.0,1000.0,8.0,0.93053,0.0065971
0.6,0.8,20.0,1000.0,7.5,0.59816,0.0015545
0.8,1.0,20.0,1000.0,8.0,0.93458,0.0071046
0.2,0.4,20.0,1000.0,5.0,0.11726,0.00010702
0.2,0.4,20.0,1000.0,5.0,0.96892,0.0010702
0.4,1.0,4.0,1000.0,5.0,0.30805,0.00040276
0.4,1.0,4.0,1000.0,5.0,1.2354,0.0040276
0.4,1.0,4.0,1000.0,5.0,1.2676,0.0044303
0.4,1.0,4.0,1000.0,5.0,1.2972,0.0048331
0.4,1.0,4.0,1000.0,5.0,1.3218,0.0052358
0.4,1.0,4.0,1000.0,5.0,1.3465,0.0056386
0.4,1.0,4.0,1000.0,5.0,1.3711,0.0060414
0.4,1.0,4.0,1000.0,5.0,1.3944,0.0064441
0.4,1.0,4.0,1000.0,5.0,1.4148,0.0068469
0.4,1.0,4.0,1000.0,5.0,1.4349,0.0072496
0.4,1.0,4.0,1000.0,5.0,1.4551,0.0076524
0.4,1.0,4.0,1000.0,5.0,0.60655,0.00080551
0.4,1.0,4.0,1000.0,5.0,1.4746,0.0080551
0.4,1.0,4.0,1000.0,5.0,0.85846,0.0012083
0.4,1.0,4.0,1000.0,5.0,0.98007,0.001611
0.4,1.0,4.0,1000.0,5.0,1.0289,0.0020138
0.4,1.0,4.0,1000.0,5.0,1.0793,0.0024165
0.4,1.0,4.0,1000.0,5.0,1.1281,0.0028193
0.4,1.0,4.0,1000.0,5.0,1.1709,0.0032221
0.4,1.0,4.0,1000.0,5.0,1.2023,0.0036248
0.2,0.6,6.0,1000.0,5.0,1.1768,0.0026017
0.2,0.6,6.0,1000.0,5.0,1.193,0.0028018
0.2,0.6,6.0,1000.0,5.0,1.206,0.0030019
0.2,0.6,6.0,1000.0,5.0,1.219,0.0032021
0.2,0.6,6.0,1000.0,5.0,1.2319,0.0034022
0.2,0.6,6.0,1000.0,5.0,1.2445,0.0036023
0.2,0.6,6.0,1000.0,5.0,1.2561,0.0038025
0.2,0.6,6.0,1000.0,5.0,1.1597,0.0024016
0.2,0.6,6.0,1000.0,5.0,1.2665,0.0040026
0.2,0.6,6.0,1000.0,5.0,0.73783,0.00060039
0.2,0.6,6.0,1000.0,5.0,0.93229,0.00080052
0.2,0.6,6.0,1000.0,5.0,0.99447,0.0010006
0.2,0.6,6.0,1000.0,5.0,1.0247,0.0012008
0.2,0.6,6.0,1000.0,5.0,1.0521,0.0014009
0.2,0.6,6.0,1000.0,5.0,1.0794,0.001601
0.2,0.6,6.0,1000.0,5.0,1.105,0.0018012
0.2,0.6,6.0,1000.0,5.0,0.49918,0.00040026
0.2,0.4,20.0,1000.0,5.0,1.0039,0.0018193
0.4,0.8,10.0,1000.0,5.0,0.15826,0.00023714
0.8,1.0,20.0,1000.0,8.0,0.91555,0.0050747
0.4,0.8,10.0,1000.0,5.0,0.98433,0.0023714
0.2,0.8,20.0,1000.0,5.0,0.76552,0.00055113
0.4,0.8,10.0,1000.0,5.0,0.99181,0.0026085
0.4,0.8,10.0,1000.0,5.0,0.99786,0.0028456
0.2,0.4,20.0,1000.0,5.0,0.46346,0.00042806
0.4,0.8,10.0,1000.0,5.0,1.0319,0.0040313
0.6,0.8,20.0,1000.0,7.5,0.96449,0.0062178
0.4,0.8,10.0,1000.0,5.0,1.039,0.0042685
0.4,0.8,10.0,1000.0,5.0,1.0454,0.0045056
0.4,0.8,10.0,1000.0,5.0,0.3154,0.00047427
0.4,0.8,10.0,1000.0,5.0,1.0511,0.0047427
0.4,0.8,10.0,1000.0,5.0,0.46965,0.00071141
0.4,0.8,10.0,1000.0,5.0,0.61821,0.00094855
0.6,0.8,20.0,1000.0,7.5,0.20687,0.00051815
0.6,0.8,20.0,1000.0,7.5,0.95528,0.0051815
0.6,0.8,20.0,1000.0,7.5,0.96011,0.0056997
0.4,0.8,10.0,1000.0,5.0,0.75593,0.0011857
0.6,0.8,20.0,1000.0,7.5,0.96841,0.0067359
0.6,0.8,20.0,1000.0,7.5,0.97187,0.0072541
0.6,0.8,20.0,1000.0,7.5,0.97504,0.0077723
0.6,0.8,20.0,1000.0,7.5,0.97795,0.0082904
0.4,1.0,6.0,1000.0,5.0,0.31902,0.00041754
0.4,1.0,6.0,1000.0,5.0,1.1361,0.0041754
0.2,0.6,4.0,1000.0,5.0,0.26156,0.00020813
0.4,1.0,6.0,1000.0,5.0,1.1742,0.0050105
0.4,1.0,6.0,1000.0,5.0,1.1902,0.0054281
0.4,1.0,6.0,1000.0,5.0,1.2043,0.0058456
0.4,1.0,6.0,1000.0,5.0,1.2185,0.0062632
0.2,0.6,4.0,1000.0,5.0,1.2199,0.0020813
0.4,1.0,6.0,1000.0,5.0,1.2455,0.0070983
0.4,1.0,6.0,1000.0,5.0,1.2572,0.0075158
0.4,1.0,6.0,1000.0,5.0,1.2683,0.0079333
0.4,1.0,6.0,1000.0,5.0,1.2326,0.0066807
0.4,1.0,6.0,1000.0,5.0,1.2797,0.0083509
0.4,1.0,6.0,1000.0,5.0,0.88274,0.0012526
0.4,1.0,6.0,1000.0,5.0,0.95805,0.0016702
0.4,1.0,6.0,1000.0,5.0,1.0083,0.0020877
0.4,1.0,6.0,1000.0,5.0,1.037,0.0025053
0.2,0.6,4.0,1000.0,5.0,1.2803,0.0024976
0.4,1.0,6.0,1000.0,5.0,1.0963,0.0033404
0.4,1.0,6.0,1000.0,5.0,1.1175,0.0037579
0.4,1.0,6.0,1000.0,5.0,1.0682,0.0029228
0.2,0.8,10.0,1000.0,5.0,1.017,0.0011332
0.2,0.8,10.0,1000.0,5.0,1.0241,0.0012141
0.2,0.8,10.0,1000.0,5.0,1.0312,0.001295
0.2,0.8,10.0,1000.0,5.0,1.0382,0.001376
0.2,0.8,10.0,1000.0,5.0,1.0452,0.0014569
0.2,0.8,10.0,1000.0,5.0,1.052,0.0015379
0.2,0.8,10.0,1000.0,5.0,1.01,0.0010522
0.2,0.8,10.0,1000.0,5.0,1.0588,0.0016188
0.2,0.8,10.0,1000.0,5.0,0.23172,0.00016188
0.2,0.8,10.0,1000.0,5.0,0.34663,0.00024282
0.2,0.8,10.0,1000.0,5.0,0.57206,0.0004047
0.2,0.8,10.0,1000.0,5.0,0.6813,0.00048564
0.2,0.8,10.0,1000.0,5.0,0.78692,0.00056658
0.2,0.8,10.0,1000.0,5.0,0.88136,0.00064752
0.2,0.8,10.0,1000.0,5.0,0.9296,0.00072846
0.2,0.8,10.0,1000.0,5.0,0.46026,0.00032376
0.4,0.8,20.0,1000.0,5.0,0.96611,0.002142
0.4,0.8,20.0,1000.0,5.0,0.97337,0.0024097
0.6,0.8,3.0,1000.0,7.5,0.25991,0.00065118
0.6,0.8,3.0,1000.0,7.5,1.2284,0.0065118
0.6,0.8,3.0,1000.0,7.5,1.2647,0.007163
0.6,0.8,3.0,1000.0,7.5,1.3008,0.0078142
0.6,0.8,3.0,1000.0,7.5,1.3378,0.0084654
0.6,0.8,3.0,1000.0,7.5,1.3734,0.0091166
0.6,0.8,3.0,1000.0,7.5,1.4059,0.0097678
0.6,0.8,3.0,1000.0,7.5,1.4354,0.010419
0.6,0.8,3.0,1000.0,7.5,1.4634,0.01107
0.6,0.8,3.0,1000.0,7.5,1.4922,0.011721
0.6,0.8,3.0,1000.0,7.5,1.5203,0.012373
0.6,0.8,3.0,1000.0,7.5,0.51354,0.0013024
0.6,0.8,3.0,1000.0,7.5,1.5472,0.013024
0.6,0.8,3.0,1000.0,7.5,0.7436,0.0019536
0.6,0.8,3.0,1000.0,7.5,0.89979,0.0026047
0.6,0.8,3.0,1000.0,7.5,0.98392,0.0032559
0.6,0.8,3.0,1000.0,7.5,1.0267,0.0039071
0.6,0.8,3.0,1000.0,7.5,1.0799,0.0045583
0.6,0.8,3.0,1000.0,7.5,1.1339,0.0052095
0.6,0.8,3.0,1000.0,7.5,1.1845,0.0058607
0.2,1.0,10.0,1000.0,5.0,0.12878,7.9653e-05
0.4,0.6,6.0,1000.0,6.667,1.0277,0.0034675
0.2,0.8,20.0,1000.0,5.0,0.078973,5.5113e-05
0.2,1.0,10.0,1000.0,5.0,0.98594,0.00079653
0.2,0.8,20.0,1000.0,5.0,0.83417,0.00060625
0.2,0.8,20.0,1000.0,5.0,0.89548,0.00066136
0.2,0.8,20.0,1000.0,5.0,0.943,0.00071647
0.2,0.8,20.0,1000.0,5.0,0.96802,0.00077158
0.2,1.0,10.0,1000.0,5.0,1.006,0.00087618
0.2,0.8,20.0,1000.0,5.0,0.98502,0.00088181
0.2,0.8,20.0,1000.0,5.0,0.99352,0.00093692
0.2,0.8,20.0,1000.0,5.0,0.99893,0.00099204
0.2,0.8,20.0,1000.0,5.0,1.0005,0.0010472
0.2,1.0,10.0,1000.0,5.0,1.0134,0.00095583
0.2,0.8,20.0,1000.0,5.0,1.0021,0.0011023
0.2,0.8,20.0,1000.0,5.0,0.97652,0.0008267
0.2,0.8,20.0,1000.0,5.0,0.15794,0.00011023
0.2,0.8,20.0,1000.0,5.0,0.23667,0.00016534
0.2,1.0,10.0,1000.0,5.0,1.0211,0.0010355
0.2,0.8,20.0,1000.0,5.0,0.31496,0.00022045
0.2,0.8,20.0,1000.0,5.0,0.39275,0.00027557
0.4,0.6,6.0,1000.0,6.667,1.0539,0.0039629
0.2,0.8,20.0,1000.0,5.0,0.69416,0.00049602
0.2,1.0,10.0,1000.0,5.0,1.0287,0.0011151
0.2,0.8,20.0,1000.0,5.0,0.46977,0.00033068
0.2,0.8,20.0,1000.0,5.0,0.62086,0.00044091
0.2,0.8,20.0,1000.0,5.0,0.54587,0.00038579
0.2,1.0,10.0,1000.0,5.0,1.0364,0.0011948
0.2,1.0,10.0,1000.0,5.0,1.0441,0.0012744
0.4,0.6,3.0,1000.0,6.667,1.3462,0.0054559
0.4,0.6,6.0,1000.0,6.667,1.0786,0.0044582
0.2,1.0,10.0,1000.0,5.0,0.25723,0.00015931
0.6,1.0,20.0,1000.0,6.0,0.95812,0.0044196
0.6,0.8,4.0,1000.0,7.5,0.28552,0.00071659
0.6,0.8,4.0,1000.0,7.5,1.1585,0.0071659
0.6,0.8,4.0,1000.0,7.5,1.1846,0.0078825
0.6,0.8,4.0,1000.0,7.5,1.2092,0.0085991
0.6,0.8,4.0,1000.0,7.5,1.2348,0.0093156
0.6,0.8,4.0,1000.0,7.5,1.2595,0.010032
0.6,0.8,4.0,1000.0,7.5,1.2819,0.010749
0.2,0.6,10.0,1000.0,5.0,0.21245,0.00016898
0.6,0.8,4.0,1000.0,7.5,1.3215,0.012182
0.6,0.8,4.0,1000.0,7.5,1.3404,0.012899
0.6,0.8,4.0,1000.0,7.5,1.3593,0.013615
0.6,0.8,4.0,1000.0,7.5,0.56015,0.0014332
